customerId,name_surname,age,gender,job,salary,spending_score
1,Krystal Gonzalez,51,Male,Police Officer,47754,37
2,Samuel Cox,62,Male,Waiter,16327,31
3,Kyle Perkins,29,Female,Carpenter,68610,66
4,Joshua Henry,50,Male,Dentist,148310,96
5,Thomas Burke,48,Female,Security Guard,16362,31
6,Michael Parsons,45,Female,Teacher,69703,61
7,Kelly Holland,68,Female,Engineer,128004,77
8,Mrs. Julie Montgomery DDS,24,Female,Business Analyst,137089,77
9,Kim Harvey,20,Male,Plumber,77874,63
10,Matthew Trevino,67,Male,Doctor,133659,82
11,James Stewart,64,Male,Marketing Manager,112227,62
12,Brandon Campbell,67,Male,Architect,112677,62
13,Albert Watkins,45,Female,Waiter,37539,60
14,Debra Lutz,57,Female,Software Engineer,135797,84
15,Natasha Haynes DVM,29,Male,Graphic Designer,70252,68
16,Kimberly Johnson,35,Female,Waiter,20824,41
17,Jennifer Zhang,36,Male,Social Worker,77104,76
18,Sharon Gibson,59,Male,Teaching Assistant,15168,30
19,Joel Wong,28,Female,Physician,99179,54
20,Randy Trevino,41,Male,Electrician,64288,55
21,Mrs. Anna Walker,60,Male,Graphic Designer,56666,47
22,Raymond Roberts,43,Male,Dishwashers,17656,33
23,Ronald Turner,25,Male,Teaching Assistant,26189,49
24,Karen Baker,46,Female,Retail Salesperson,29400,49
25,Paul James,47,Male,Firefighter,71098,63
26,Richard Mercado,26,Male,Sales Manager,138516,95
27,Angela Taylor,51,Male,Plumber,55638,46
28,Lisa Erickson,23,Female,Physician,130672,71
29,Miss Tanya Dudley,49,Female,Data Engineer,142237,90
30,Angela Stevens,46,Male,Carpenter,81270,74
31,Jennifer Kramer,57,Male,Financial Analyst,148239,96
32,Gabrielle Morton,18,Male,Nurse,53512,39
33,Lori Wilson,58,Male,Project Manager,114814,64
34,Destiny Fox,44,Female,Nurse,63609,55
35,Ian Bryant,47,Female,Police Officer,78578,71
36,Erica Dillon,63,Female,Security Guard,31987,52
37,Monica Matthews,36,Female,Dishwashers,35875,63
38,Tracy Mitchell,53,Male,Police Officer,89008,82
39,Jonathan Williams,20,Male,Dishwashers,29046,43
40,Tyler Tucker,40,Male,Farm Worker,27600,46
41,Ryan Thompson DDS,56,Female,Nurse,61977,53
42,Lisa Mendoza,64,Male,Engineer,107435,57
43,Tammy Solis,42,Male,Plumber,80325,73
44,James Lewis,42,Female,Police Officer,47997,38
45,George Grant,43,Male,CEO,137454,86
46,Sarah Reese,61,Male,Police Officer,56454,47
47,Jose Myers,65,Male,Fast Food Worker,17775,33
48,Nancy Brooks,33,Female,Taxi Driver,42816,73
49,Daniel Wells,58,Male,Plumber,53901,44
50,Richard Carter,27,Male,Firefighter,75668,75
51,Stephanie Monroe,30,Male,Data Engineer,92002,47
52,Andrew Fox,44,Male,Data Scientist,116293,66
53,Clayton Brown,24,Female,Waiter,27902,42
54,Diana Mccann,53,Male,Police Officer,48045,38
55,Amanda Flores,29,Female,Farm Worker,41031,71
56,Lisa Williamson,63,Male,Doctor,136627,85
57,Michael Miller,68,Female,Janitor,35401,57
58,Rebecca French,20,Female,Cashier,24447,38
59,Glenn Erickson,20,Female,Graphic Designer,87595,73
60,Shelley Hernandez,55,Female,Customer Service Representative,27311,46
61,Jamie Dudley MD,55,Male,Electrician,71878,64
62,Tara Howard,43,Male,Accountant,51347,41
63,Dillon Garrett,47,Male,Electrician,53324,43
64,Justin Bowman,21,Female,Fast Food Worker,20307,33
65,Matthew Anderson,40,Female,Teaching Assistant,17599,33
66,Jamie Macdonald,33,Female,Home Health Aide,16246,34
67,Shane Cobb,59,Male,Police Officer,56809,47
68,Traci Jones,50,Female,Nurse,62324,53
69,Joseph Buckley,35,Male,Accountant,79203,79
70,Krista Stephens,40,Male,Carpenter,68403,60
71,Stephanie Peterson,45,Male,Human Resources,65204,56
72,Spencer Smith,54,Female,Dentist,128979,78
73,Jordan Morrow,19,Male,Social Worker,51478,37
74,Harry Brown,58,Male,Nurse,55268,46
75,Michael Dougherty,31,Female,Project Manager,133976,91
76,Cynthia Harris,67,Male,Dishwashers,34258,55
77,Gabriela Rivera,42,Male,Human Resources,75812,68
78,Jenna Brown,54,Male,CEO,104769,55
79,Lisa Brown,42,Male,Human Resources,63451,55
80,Jerry Johnson,68,Female,Fast Food Worker,36251,58
81,Sergio Ortega,48,Female,Fast Food Worker,36652,58
82,Maria Smith,45,Female,Gynecologist,93834,44
83,Robin Hill,19,Male,Firefighter,60995,47
84,Frederick Jackson,51,Female,Graphic Designer,79440,72
85,Steven Jennings,34,Male,Dishwashers,22631,44
86,Joseph Kane,19,Male,Doctor,111965,55
87,Marcus Lane,60,Male,Accountant,80107,73
88,Andre Campbell,45,Male,Project Manager,136318,85
89,Mr. Steven Hunt,64,Male,Nurse,48152,38
90,Isabel Ruiz,55,Female,Waiter,44979,69
91,Alison Kim,48,Male,Home Health Aide,16662,32
92,Ashley Donovan,53,Male,Architect,114390,64
93,Monica Smith,27,Male,Data Scientist,146745,100
94,Sean Mcdonald,36,Male,Project Manager,103182,58
95,Sydney Morales,65,Male,Firefighter,83041,76
96,Brett Vargas,42,Female,Lawyer,124224,73
97,Marilyn Faulkner,35,Female,Cashier,32900,59
98,Steven Smith,59,Male,Lawyer,131348,80
99,Lori Williams MD,55,Female,Carpenter,76520,69
100,Mike Ray,62,Female,Security Guard,33985,55
101,Audrey Rhodes,48,Male,Taxi Driver,43011,67
102,Donna Mitchell,49,Female,Dishwashers,29191,48
103,Melanie Cox,62,Female,Taxi Driver,36589,58
104,Melody Kim,40,Male,Police Officer,56746,47
105,Mike Nichols,69,Male,Human Resources,65607,57
106,Mary Green,21,Male,Accountant,53840,40
107,Micheal Maldonado,51,Male,Retail Salesperson,20728,37
108,Grace Mcbride,35,Male,Physician,146976,100
109,David Young,49,Female,Firefighter,54120,44
110,Nicholas Taylor,40,Male,Firefighter,81887,75
111,Tyler Williams,45,Male,Cashier,36087,58
112,Kathryn Hebert,45,Male,Electrician,73149,65
113,Francisco Martinez,54,Male,Firefighter,59322,50
114,David Pitts,46,Female,Farm Worker,31397,51
115,Kelsey Weber,34,Male,Plumber,46808,40
116,Renee Bell,37,Male,Teacher,78293,78
117,Nathaniel Sims,53,Male,Sales Manager,135656,84
118,Craig Vance,67,Male,Human Resources,69098,61
119,Harold Edwards,25,Male,Customer Service Representative,27287,51
120,Ronald Pena,41,Male,Customer Service Representative,20545,37
121,Katherine Bullock,60,Male,Architect,135486,84
122,Donna Reed,20,Male,Firefighter,52385,38
123,Amanda Thornton,31,Male,Teacher,52069,46
124,Jessica Barry,44,Male,Social Worker,65824,57
125,Philip Murphy,31,Female,Project Manager,103267,59
126,Jeffrey Vazquez,39,Female,Teacher,83786,84
127,Robin Newman,21,Male,Farm Worker,32225,47
128,Anthony Marks,28,Female,Human Resources,62739,59
129,Emily Wells,36,Female,Security Guard,22321,43
130,Alice Munoz,47,Female,Teacher,85905,79
131,Bianca Hernandez,19,Female,Customer Service Representative,19958,32
132,Anna Miranda,47,Female,Project Manager,98544,49
133,Kayla Berg,38,Female,Human Resources,79427,79
134,Chelsea Tucker,62,Male,Teaching Assistant,34805,56
135,Michael Spence,52,Female,Nurse,63797,55
136,Matthew Ortiz,51,Female,Police Officer,57452,48
137,Adrian Peterson,66,Female,Physician,102081,52
138,Raymond Jordan,19,Female,Waiter,23261,36
139,Christopher Rodriguez,27,Female,Nurse,55336,50
140,Curtis Turner,38,Male,Customer Service Representative,35237,62
141,Roger Brown,36,Male,Police Officer,77333,77
142,William Davis DDS,43,Female,Electrician,70822,63
143,Angela Wilson,29,Male,Social Worker,67155,64
144,Christina Murray,52,Male,Social Worker,71112,63
145,Kayla Hood,32,Male,Teacher,72963,71
146,Mrs. Jennifer Powell,59,Female,CEO,97361,48
147,Tanya Daugherty,58,Female,Teacher,82651,75
148,Connor Yates,48,Female,Teaching Assistant,18390,34
149,Donald Patton,34,Female,Carpenter,51604,46
150,Nicholas Mccarthy,33,Male,Doctor,97385,52
151,Billy Noble,53,Female,Teacher,51039,41
152,Michele Nelson,53,Female,Police Officer,88183,82
153,Alex Graham,55,Female,Human Resources,57871,48
154,Stephanie Martinez,69,Female,Security Guard,15577,30
155,Sara Jensen,40,Female,Lawyer,132527,81
156,Bryce White,36,Female,Housekeeper,33302,59
157,Jeremy Holland,58,Male,Police Officer,64460,56
158,David Wilson,53,Female,Dentist,107946,58
159,Dana Hill,55,Female,Marketing Manager,123141,72
160,Terry Luna,23,Male,Marketing Manager,106282,50
161,Mrs. Stephanie Robinson,69,Male,Security Guard,35541,57
162,Dennis Nelson,63,Male,Project Manager,110465,60
163,Becky Thomas,70,Male,Accountant,76527,69
164,Calvin Soto,22,Male,Firefighter,60405,46
165,Elizabeth Taylor,30,Female,Retail Salesperson,17377,36
166,Jesus Mullen,27,Female,Teacher,74615,73
167,Sheila Obrien,28,Female,Data Scientist,107134,63
168,Haley Fisher,21,Male,Nurse,60284,46
169,Victor Eaton,51,Male,Gynecologist,92159,43
170,Anne Miller DDS,61,Female,Social Worker,46510,36
171,Michael Watson,38,Female,Social Worker,75666,75
172,Stephanie Hamilton,51,Female,Carpenter,50355,40
173,Erika Rodriguez,43,Female,Teacher,65721,57
174,Lisa Foley,18,Female,Social Worker,73989,59
175,William Bentley,35,Male,Engineer,105895,61
176,James Austin,19,Male,Nurse,58837,45
177,Amy Meadows,26,Male,Teacher,76479,76
178,Angel Kim,54,Female,Nurse,74443,67
179,Brandon Byrd,67,Male,Firefighter,63881,55
180,Sarah Anderson,33,Male,Carpenter,72720,71
181,Mr. Andrew Marks DDS,63,Female,Police Officer,58357,49
182,Danielle Gonzalez,27,Female,Architect,127140,83
183,Frank Lambert,29,Female,CEO,97607,53
184,Matthew Beck,62,Male,Housekeeper,21452,38
185,Melanie May,28,Female,Electrician,57031,52
186,Mr. Michael Rivera,37,Female,Architect,144303,100
187,Henry Graham,49,Female,Graphic Designer,62989,54
188,Melissa Young,53,Female,Physician,149546,97
189,Gina Patel,33,Female,Social Worker,78293,78
190,Miguel Yang,67,Male,Customer Service Representative,27437,46
191,Franklin Foster,47,Female,Doctor,99086,49
192,Alicia Wilkins,37,Male,Software Engineer,110298,66
193,Samantha Martinez,54,Female,Graphic Designer,52762,43
194,Anita Young,21,Male,Human Resources,81913,67
195,Donna Logan,53,Male,Housekeeper,24531,42
196,Heather Stone,29,Female,Teacher,57938,53
197,Joseph Cameron,29,Female,Physician,114611,70
198,David Wolfe,45,Female,Physician,119890,69
199,Christian Vega,65,Female,Fast Food Worker,17699,33
200,Austin Cooke,48,Male,Nurse,81141,74
201,Zachary Newman,64,Female,Accountant,64581,56
202,Patricia Berger,29,Male,Project Manager,115152,71
203,Tina Simpson,57,Female,Waiter,26887,45
204,Scott Zamora,56,Male,Social Worker,64860,56
205,Carolyn Martin,36,Male,Project Manager,125184,81
206,Stephanie Reid,28,Male,Social Worker,86908,88
207,Ana Lowe,55,Male,Home Health Aide,16324,31
208,Pamela Wright,54,Female,Plumber,75510,68
209,Aaron Nash,40,Male,CEO,117172,66
210,Jennifer Rowe,45,Male,Project Manager,95684,46
211,Jennifer Costa,45,Female,Accountant,47472,37
212,Angela Evans,24,Female,Plumber,81830,67
213,Anthony Hurst,35,Female,Police Officer,46629,40
214,Elizabeth Diaz,30,Male,Sales Manager,138697,95
215,Chad Burnett,57,Male,Plumber,59329,50
216,Jesse Good,62,Male,Firefighter,77145,69
217,Ruben Fowler,27,Female,Customer Service Representative,43943,75
218,Katherine Ruiz,63,Male,Accountant,66417,58
219,Kendra West,28,Female,Teaching Assistant,22936,44
220,Joseph Conner,26,Male,Police Officer,57010,52
221,Suzanne Black,35,Female,Architect,131487,88
222,Nancy Brown,64,Male,Accountant,66556,58
223,Joel Logan,32,Male,Project Manager,91076,46
224,Brian Cummings,28,Male,Cashier,23883,46
225,Abigail Harris,45,Female,Human Resources,68524,60
226,Brian Brown,45,Female,Data Engineer,133470,82
227,Daniel Mcdonald,19,Male,Dentist,120111,62
228,James Blair,67,Female,Teacher,54943,45
229,David Stephens,35,Male,Teacher,65333,62
230,Douglas Bailey,56,Male,Firefighter,46546,36
231,Darlene Khan,60,Female,Plumber,59952,51
232,Daniel Davis,69,Male,Physician,99610,50
233,Joyce Hood,46,Female,Firefighter,53280,43
234,Christopher Murphy,51,Female,Electrician,57725,48
235,Donna Mcclure,60,Female,Farm Worker,28721,48
236,Sandy Singleton,33,Male,Human Resources,68373,66
237,Dean Robbins,27,Female,Architect,116708,73
238,Tracy Downs,19,Male,Retail Salesperson,33534,49
239,Kimberly Wade,38,Male,Dishwashers,33713,60
240,Jessica Ross,53,Female,Fast Food Worker,26666,45
241,Jessica Rodriguez,57,Female,Janitor,24860,43
242,Julie Patton,26,Male,Electrician,54851,50
243,Richard Shaw,25,Male,Police Officer,78549,78
244,Brett Farmer,46,Male,Social Worker,56217,47
245,Jared Brown,34,Male,Carpenter,79166,79
246,Jennifer Serrano,29,Male,Architect,136697,93
247,Adam Duffy,55,Male,Social Worker,50225,40
248,Laurie Carter,49,Male,Accountant,48230,38
249,Theodore Nguyen,35,Male,Graphic Designer,59158,55
250,Jonathan Klein,63,Female,Police Officer,48829,39
251,Michael Thompson,39,Male,Waiter,33567,60
252,Rodney Ponce,25,Female,Plumber,89887,92
253,Luis Estrada,18,Female,Gynecologist,98501,44
254,Samantha Mayer,57,Male,Accountant,52652,43
255,Angela Walter,53,Female,Farm Worker,30648,50
256,Chad Bird,44,Male,Marketing Manager,112493,62
257,Keith Allen,29,Female,Physician,130705,87
258,Sophia Bowen,40,Female,Dishwashers,38974,61
259,Ian Richards,60,Male,Taxi Driver,30470,50
260,Christian Shaffer,30,Female,Customer Service Representative,37222,65
261,Aimee Orozco,32,Female,Engineer,122502,79
262,Michael Archer,46,Female,Plumber,63480,55
263,Taylor Marshall,53,Male,Security Guard,32052,52
264,Hannah Mills,68,Male,Electrician,83786,77
265,Frances Garza,31,Male,Electrician,48682,42
266,John Welch DVM,40,Female,Security Guard,19918,36
267,Jeffrey Taylor,62,Male,CEO,119748,69
268,Ronald Fuentes,44,Female,Plumber,50291,40
269,Christopher Hernandez,28,Female,Teaching Assistant,36568,64
270,Derrick Barnett,40,Male,Nurse,61048,52
271,Kevin Bautista,30,Male,Police Officer,81766,82
272,Marissa Brown,21,Male,Graphic Designer,68349,54
273,Victor Rodriguez,25,Female,Electrician,57568,53
274,Jennifer Cohen,37,Female,Electrician,57045,52
275,Kristina Romero,24,Male,Customer Service Representative,26924,41
276,Amanda Sanders,49,Female,Sales Manager,116561,66
277,Amy Farmer,34,Female,Human Resources,77540,77
278,Kyle Vasquez,53,Male,Architect,132939,81
279,Donna Gonzales,66,Female,Plumber,48447,38
280,Jeffery Harris,66,Male,Social Worker,48085,38
281,Nicole Hunt,66,Male,Police Officer,76115,68
282,Amanda Arnold,27,Male,Customer Service Representative,27326,51
283,Robin Ramsey,24,Male,Carpenter,82657,68
284,Nancy Cain,51,Male,Nurse,87006,80
285,Bradley Villanueva,68,Male,Nurse,74007,66
286,Brooke Coleman,56,Male,Police Officer,79687,72
287,Ashley Russell,25,Female,Accountant,84042,85
288,Jessica Grimes,45,Female,Customer Service Representative,31415,51
289,Diane Smith,55,Female,Gynecologist,139046,87
290,Thomas Dean,23,Female,Dentist,146336,85
291,David Reyes,29,Male,Plumber,70700,69
292,Edward Woods,56,Male,Engineer,121168,70
293,Nicole Martinez,28,Female,Taxi Driver,36662,64
294,Caroline Hood,43,Male,Janitor,19742,36
295,Douglas Cruz,67,Female,Plumber,54068,44
296,Sarah Ballard,30,Male,Human Resources,47899,41
297,Gina Kramer,56,Male,Firefighter,64067,55
298,Mark Brown,36,Male,Accountant,89926,92
299,Mark Brown,61,Male,Accountant,63195,54
300,Eric Drake,43,Male,Carpenter,81114,74
301,Seth Ortiz,18,Female,Police Officer,51030,37
302,Hannah Hurley,40,Female,Project Manager,115368,65
303,Michael Montgomery,34,Female,Security Guard,43741,75
304,Peter Washington,53,Male,Teacher,63297,54
305,Steven Wilkinson,31,Female,Financial Analyst,92894,48
306,Tara Pratt,62,Male,Plumber,59906,51
307,Gabriel Reed,42,Male,Teacher,66605,58
308,Andrew Berry,26,Male,Nurse,72025,70
309,Daniel Hamilton,30,Female,Accountant,54015,49
310,Daniel Campbell,27,Female,Doctor,133649,90
311,David Berger,31,Female,Data Scientist,108926,64
312,Mark Allen,38,Male,Police Officer,53675,48
313,Collin Stevens,55,Female,Marketing Manager,124531,73
314,Robert Bell,53,Male,Accountant,81813,75
315,Michele Salazar,48,Female,Marketing Manager,96996,47
316,Lisa Holt,52,Female,Social Worker,67279,59
317,Sergio Wood,31,Female,Human Resources,53353,48
318,Diane Choi,60,Male,Human Resources,73779,66
319,Tanya Newman,51,Female,Nurse,82247,75
320,Manuel Mcdonald,20,Female,Electrician,57298,43
321,Alexandra Sharp,51,Male,Doctor,107707,57
322,Mary George,18,Male,Firefighter,66847,52
323,Taylor Miranda,45,Male,Security Guard,18486,34
324,William Lawrence,69,Male,Police Officer,52105,42
325,Sandy Wilson,32,Male,Human Resources,48816,42
326,Angela Compton,41,Female,Gynecologist,103707,54
327,Steven Mcdonald,23,Female,Customer Service Representative,16995,29
328,Joshua Higgins,48,Female,Police Officer,58928,50
329,Mary Clay,45,Female,Plumber,71698,64
330,Louis Edwards,47,Male,Social Worker,66764,58
331,Courtney Perez,58,Male,Human Resources,50854,41
332,Mrs. Patricia Heath,66,Male,Teaching Assistant,15848,31
333,Corey Morgan,65,Female,Waiter,22409,39
334,Keith Silva,32,Male,Electrician,46092,39
335,Erin Parks,18,Male,Architect,115194,58
336,Patrick Glenn,43,Female,Teacher,69776,61
337,Kelly Branch,22,Female,Dentist,108668,52
338,Wesley Bender,67,Female,Project Manager,102676,53
339,Fred Deleon,25,Male,Police Officer,48792,42
340,Michelle Oneill,64,Male,Financial Analyst,91454,42
341,Justin Jackson,59,Male,Project Manager,109672,59
342,Caitlin Winters,67,Male,Accountant,63995,55
343,Thomas Wilson,66,Female,Data Engineer,149324,97
344,Bryan Romero,38,Male,Physician,149364,100
345,Tammy Martinez,20,Male,Dentist,112714,56
346,Timothy Jones,48,Male,Waiter,22472,39
347,Paul Rodriguez,66,Male,Financial Analyst,126652,75
348,Cindy Mercer,21,Female,Janitor,35798,51
349,Sarah Jackson,43,Male,Dentist,145294,93
350,Christopher Pope,41,Female,Human Resources,69762,61
351,Ashley West,43,Male,Farm Worker,17024,32
352,Brandy Tucker,51,Male,Lawyer,109467,59
353,Norman Washington MD,56,Male,Business Analyst,122370,71
354,Brian Wallace,19,Female,Architect,140176,79
355,Anthony Reeves,25,Female,Dentist,106508,62
356,Kevin Hughes,60,Female,Data Scientist,142688,91
357,Ellen Roberts,25,Female,Electrician,62446,59
358,Mary Chen,25,Female,Retail Salesperson,24243,46
359,Joy Daniels,45,Male,Social Worker,53252,43
360,Holly Saunders,44,Male,Physician,111810,61
361,Timothy Knight,62,Male,Human Resources,58245,49
362,Heather Soto,21,Female,Taxi Driver,20357,33
363,Paul Wood,32,Male,Teaching Assistant,42406,73
364,Christine Robinson,28,Male,Carpenter,47058,40
365,Elizabeth Brown,49,Female,Taxi Driver,31216,51
366,Matthew Lowe,39,Male,Carpenter,85976,87
367,Joel Nelson,20,Female,Farm Worker,43651,61
368,Joshua Hoffman,52,Male,Firefighter,82544,75
369,Elizabeth Dean,19,Male,CEO,113638,57
370,Maurice Smith,44,Male,Graphic Designer,48130,38
371,Jordan Moody,51,Male,Firefighter,74042,66
372,Mary Crawford,42,Male,Fast Food Worker,29441,49
373,James Scott,26,Male,Financial Analyst,144504,100
374,Mark Graham,69,Female,Architect,109447,59
375,David Hernandez,60,Male,Home Health Aide,15175,30
376,Jacob Ramirez Jr.,47,Female,Carpenter,83841,77
377,Laura Garza,35,Male,Plumber,71819,70
378,Scott Morgan,68,Female,Firefighter,85654,79
379,Daniel Patrick,44,Female,Data Scientist,129940,78
380,Brian Boone,67,Male,Police Officer,54525,45
381,Amanda Hart,62,Male,Doctor,100884,51
382,Sean Poole,59,Female,Social Worker,84665,78
383,Leslie Johnson,34,Male,Graphic Designer,84102,85
384,Jeffrey Myers,19,Male,Retail Salesperson,19308,32
385,Mariah Rodriguez,39,Male,Accountant,47539,41
386,Andrew Zuniga,61,Male,Janitor,15794,31
387,Jennifer Greene DVM,46,Male,Farm Worker,39927,63
388,Matthew Scott,56,Male,Accountant,65541,57
389,Rachel Michael,58,Female,CEO,118265,67
390,Ashley Hall,57,Female,Data Engineer,137063,85
391,Tammy Hughes,19,Male,Gynecologist,138557,78
392,Tina Johnson,60,Female,Housekeeper,34574,56
393,Larry Scott,28,Male,Plumber,80837,81
394,Dr. Thomas Smith,24,Female,Graphic Designer,58523,44
395,Angela Patel,62,Male,Graphic Designer,60596,51
396,Benjamin Jacobs,57,Male,Fast Food Worker,40215,63
397,Kaitlyn Jenkins,53,Female,Cashier,30036,50
398,Blake Leblanc,54,Male,Home Health Aide,16507,32
399,Robert Davis,67,Female,Software Engineer,122259,71
400,Jonathan Adams,63,Female,Social Worker,72845,65
401,Anthony Benitez,31,Male,Graphic Designer,47027,40
402,Nicholas Clarke,46,Female,Carpenter,51121,41
403,Melissa White,53,Male,Marketing Manager,94182,45
404,Tammy Martinez,59,Female,Retail Salesperson,15849,31
405,Michelle Ellison,69,Male,Nurse,81840,75
406,Patricia Barrera,28,Male,Cashier,41255,71
407,Alejandro Cain,50,Male,Project Manager,117180,66
408,Beverly Gonzales,63,Female,Physician,115091,64
409,Kevin Lopez,64,Male,Cashier,20171,36
410,Justin Moore,26,Male,Graphic Designer,55427,50
411,Donna Young,59,Female,Nurse,56730,47
412,Nicole Frederick,54,Female,Business Analyst,102006,52
413,Debbie Lewis,28,Female,Police Officer,87722,89
414,Mr. Brian Wright,56,Male,Sales Manager,112040,61
415,Julie Morales,54,Male,Carpenter,84061,77
416,Jamie Anderson,70,Female,CEO,127859,76
417,Brian Smith,23,Male,Teacher,89324,74
418,Paul Jordan,58,Female,Security Guard,35505,57
419,Erin Herring,27,Male,Social Worker,64221,61
420,Jordan Chaney,57,Female,Accountant,70613,62
421,Sherry Collins,55,Female,Gynecologist,113279,63
422,Daisy Lewis,39,Male,Financial Analyst,145753,100
423,Robert Griffith,30,Female,Accountant,87093,88
424,Jeffery Schroeder,44,Female,Project Manager,145743,93
425,Barbara Martinez,43,Female,Carpenter,79572,72
426,Scott Owens,36,Female,CEO,105159,60
427,Katherine Gentry,19,Male,CEO,141653,81
428,Sandra Ochoa,46,Female,Plumber,59222,50
429,Maria Obrien,45,Male,Project Manager,123811,73
430,Lori Flores,21,Male,Customer Service Representative,29164,43
431,Amy Gilbert,63,Male,Teacher,63488,55
432,Bradley Vaughn,26,Female,Fast Food Worker,35208,62
433,Sabrina Hernandez,60,Female,Firefighter,72541,64
434,Adrian Werner,50,Female,Graphic Designer,74653,67
435,Daniel Stephens,63,Male,Electrician,51768,42
436,Grace Bell,40,Female,Police Officer,80545,73
437,Madison Fowler,59,Male,Waiter,24859,43
438,Allen Mckenzie,29,Female,Business Analyst,145231,100
439,Mrs. Holly Dixon MD,65,Female,Dishwashers,16211,31
440,Lisa Nguyen,68,Male,Dentist,134424,83
441,Ricky Moore,57,Male,Architect,101971,52
442,Pamela Fleming,52,Male,Teaching Assistant,28565,48
443,Carolyn Clayton,59,Male,Nurse,74473,67
444,Allison Sanders,43,Male,Nurse,48071,38
445,Adam Thomas,59,Female,Gynecologist,136498,85
446,John Moreno,63,Male,Business Analyst,93766,44
447,Michael Hobbs,21,Female,Carpenter,84542,70
448,Phillip Fisher,62,Female,Teaching Assistant,25637,44
449,Hunter Townsend MD,29,Male,Home Health Aide,34508,61
450,Brian James,61,Female,Social Worker,58637,49
451,Megan Thomas,33,Male,Security Guard,27668,51
452,Todd Lopez,61,Female,Cashier,43372,67
453,Michael Davis,54,Male,Teacher,56233,47
454,Scott Martinez,33,Male,Customer Service Representative,33628,60
455,Kelly Martin,29,Male,Taxi Driver,27145,50
456,Diana Perez,61,Male,Accountant,70051,62
457,Shelly Johnson,58,Male,Customer Service Representative,35126,56
458,Michelle Evans,25,Male,Financial Analyst,119477,75
459,Rebecca Simpson,25,Female,Engineer,103808,59
460,Stephanie Diaz,46,Female,Engineer,131039,80
461,Kayla Wilson,52,Female,Marketing Manager,105080,55
462,Vincent Buckley,52,Female,Social Worker,67290,59
463,Anthony Oneill,60,Female,Police Officer,77206,70
464,Casey Henry,34,Female,Social Worker,59969,56
465,Lori Walker,41,Male,Teacher,68504,60
466,David Brock,39,Female,Cashier,39907,69
467,Dave Chapman,33,Male,Taxi Driver,37377,65
468,Michael Hughes,56,Male,Accountant,51663,42
469,Jamie Carpenter,25,Female,Taxi Driver,37336,65
470,Eric Bell,35,Female,Teacher,75074,74
471,Matthew Moore,24,Male,Graphic Designer,68815,54
472,Michael Bell,22,Female,Carpenter,49836,36
473,Jasmine Nelson,58,Male,Sales Manager,108809,58
474,Stephen Blair DDS,70,Male,Carpenter,64425,56
475,Norman Butler,49,Female,Human Resources,56284,47
476,Robert Cox,46,Female,Cashier,29250,49
477,Douglas Baldwin,54,Female,Financial Analyst,104870,55
478,Dr. Elizabeth Yoder,50,Male,Project Manager,109514,59
479,Sarah Roberts,38,Male,Accountant,73061,72
480,Ricardo Chambers,43,Female,Sales Manager,127688,76
481,Judy Davila,58,Female,Plumber,56917,47
482,Lisa Wagner,62,Female,Business Analyst,92877,43
483,Tricia Horne,70,Male,Engineer,149675,97
484,Julia Roberts,53,Male,Accountant,65775,57
485,Jessica Roberts,70,Male,Software Engineer,122378,71
486,Kathleen Thomas,66,Female,Firefighter,60723,52
487,Meredith Steele,66,Female,Plumber,54436,45
488,Debbie Taylor,68,Female,Security Guard,33749,54
489,Jennifer Sandoval,21,Female,Plumber,71581,57
490,James Mcmahon,50,Female,Doctor,93282,44
491,Jason Brown,28,Female,Plumber,65439,62
492,Matthew Thomas,67,Male,Graphic Designer,86318,79
493,Eddie Mcdowell,26,Male,Firefighter,85969,87
494,Joshua Hubbard,22,Female,Accountant,67044,53
495,Charles Daniels,36,Male,Engineer,100505,56
496,Nicholas Dixon,41,Female,Social Worker,69267,61
497,Sarah Stevens,18,Male,Customer Service Representative,27748,42
498,Jessica Landry,22,Male,Graphic Designer,77631,63
499,Jennifer Patrick,52,Female,Housekeeper,33272,54
500,Heather Choi,28,Male,Customer Service Representative,33812,60
501,Lisa Sutton,33,Female,Police Officer,75688,75
502,Deborah Gomez,33,Male,Social Worker,60356,56
503,Jason Reynolds,65,Female,Customer Service Representative,39632,62
504,Tina Hill,55,Male,Data Scientist,133367,82
505,Shawn Abbott,66,Female,Home Health Aide,44251,69
506,Jessica Miller,67,Male,Home Health Aide,33602,54
507,Christopher Cole,23,Female,Social Worker,76300,62
508,John Case DVM,49,Female,Dentist,105326,55
509,Laura Hart,60,Female,Cashier,17465,33
510,Juan Atkinson,19,Male,Waiter,38815,55
511,Tiffany Oliver,28,Female,Data Engineer,109340,65
512,Kristina Black,49,Male,Taxi Driver,16193,31
513,David Salas,68,Male,Accountant,68492,60
514,Melinda Gilbert,26,Female,Accountant,49487,43
515,Scott Estrada,67,Female,Housekeeper,29230,48
516,Stacey Berry,19,Male,Housekeeper,19436,32
517,Katherine Berry,51,Female,Housekeeper,31647,52
518,Deanna Munoz,26,Female,Dishwashers,34853,62
519,Matthew Ward,58,Female,Accountant,50551,40
520,Roger Cohen,27,Female,Housekeeper,20394,40
521,Kelly Morris,36,Female,Home Health Aide,31002,56
522,Daniel Harmon,58,Female,Fast Food Worker,19018,35
523,Lauren Parker,22,Male,Marketing Manager,131657,72
524,Clayton Parker,18,Male,Accountant,47742,34
525,Heather Benton,45,Female,Security Guard,27007,46
526,Jesse Ayers,31,Male,Police Officer,76393,76
527,Anna Davis,68,Male,Engineer,107143,57
528,Sherry Silva,69,Female,Dishwashers,26788,45
529,Rodney Watson,54,Female,Teacher,64400,56
530,Diane Reed,28,Female,Social Worker,66656,64
531,Mr. Michael Foster,53,Female,Architect,145841,94
532,Daniel Martin,25,Female,Doctor,122676,79
533,Stephen Hernandez,42,Female,Business Analyst,110400,60
534,Christopher Rhodes,51,Male,Accountant,78906,71
535,Alicia Liu,28,Female,Carpenter,62995,59
536,Jennifer Arroyo,44,Male,Physician,126927,76
537,Rebekah Williams,64,Male,Teaching Assistant,36235,58
538,Nicole Carlson,52,Male,Marketing Manager,146286,94
539,Susan Campbell,43,Female,Human Resources,47801,37
540,Sharon Mcmillan,49,Female,CEO,134582,83
541,Lauren Swanson,69,Female,Graphic Designer,65302,57
542,Sonya Smith,59,Male,Nurse,68328,60
543,Kelsey Perkins,49,Male,Accountant,53927,44
544,Emily Gaines,35,Female,Plumber,75252,74
545,Ralph Nelson,26,Male,Graphic Designer,51976,46
546,Sydney Waller,62,Female,Firefighter,53548,44
547,Lance Baird,65,Male,Electrician,72767,65
548,Christopher Moore,58,Female,Graphic Designer,50346,40
549,Sara Pierce,47,Female,Customer Service Representative,26451,45
550,Diane Horn,64,Female,Electrician,70119,62
551,Amber Martin,66,Female,Dishwashers,44922,69
552,Willie Stewart,57,Male,Plumber,67520,59
553,Audrey Hernandez,26,Female,Carpenter,67508,65
554,Steven Thompson,41,Female,Dentist,116323,66
555,Kenneth Brown,22,Male,Dishwashers,34754,50
556,Cheyenne Morales,41,Female,Electrician,77982,70
557,Kyle Byrd,51,Female,Sales Manager,140645,89
558,John Rivera,28,Female,Police Officer,52205,47
559,Beverly Jarvis,23,Female,Firefighter,88730,74
560,Kathleen Foster,33,Female,Waiter,36385,64
561,Dr. Caroline Blackburn,22,Male,Plumber,59070,45
562,Jacob Sanchez,41,Female,Plumber,50754,41
563,Raymond Allen,52,Female,Physician,121424,70
564,Caroline Duke,46,Female,Social Worker,60712,52
565,Julie Lang,19,Female,Software Engineer,123257,65
566,Stephen Garcia,67,Female,Gynecologist,113597,63
567,Jeremy Oconnor,25,Male,Data Scientist,98344,53
568,Tiffany Perez,19,Male,Firefighter,70211,56
569,Becky Watkins,29,Male,Dentist,149781,100
570,Ryan Rangel,29,Female,Accountant,86991,88
571,Faith George,33,Male,Waiter,24321,46
572,Raymond Miller,22,Male,Lawyer,109579,53
573,Norma Whitaker,39,Male,Firefighter,71296,69
574,William Williams,31,Male,Data Scientist,102541,58
575,David Anderson,49,Male,Project Manager,120623,70
576,Steven Burgess,65,Female,Gynecologist,93004,43
577,Danielle Mcclure,63,Female,Police Officer,81753,75
578,Christian Williams,34,Male,Police Officer,82419,83
579,Daniel Allen,62,Female,Electrician,75619,68
580,Stephanie Pham,20,Male,Security Guard,20922,34
581,David Sherman,37,Male,Engineer,131238,88
582,Tamara Christensen,40,Male,Customer Service Representative,23307,41
583,Dana Peters,67,Female,Accountant,61419,52
584,Michael Adams,51,Female,Police Officer,68437,60
585,Jeremy Allen,55,Female,Nurse,75659,68
586,Mike Willis,51,Male,Accountant,86026,79
587,Matthew Williamson,42,Female,Plumber,81120,74
588,James Ramirez,61,Female,Taxi Driver,15785,31
589,Justin Smith,67,Female,Cashier,30608,50
590,Curtis Harris,24,Male,CEO,143517,82
591,Dustin Shelton,54,Female,Cashier,42992,67
592,Michelle Cervantes,57,Male,Teaching Assistant,33578,54
593,Tracey Chambers,23,Female,Security Guard,17321,29
594,Todd Smith,27,Male,Dentist,117319,73
595,Colleen Bradshaw,67,Male,Electrician,77551,70
596,Michael Coffey,48,Female,Plumber,74057,66
597,Christopher Baker,59,Female,Nurse,66949,58
598,Alicia Goodwin,50,Female,Social Worker,54525,45
599,Wendy Wilson,33,Male,Electrician,53591,48
600,Joshua Barnett,69,Male,Financial Analyst,149911,97
601,Sarah Farmer DVM,58,Male,Social Worker,49263,39
602,Nicole Cannon,18,Female,Teacher,86179,71
603,Holly Smith,70,Male,Teacher,73963,66
604,Miss Melinda Lambert MD,67,Female,Firefighter,75957,68
605,Crystal Holloway,47,Male,Plumber,86365,80
606,Christopher Saunders,67,Male,Accountant,59631,50
607,Brandi Boyd,56,Male,Accountant,79957,73
608,Sandra Mcgee,34,Female,Lawyer,113128,69
609,Johnny James,56,Male,Customer Service Representative,15495,30
610,Dominic Huff,30,Female,Electrician,66352,64
611,David Cole,25,Male,Teaching Assistant,21322,42
612,Derrick Carter,61,Female,Firefighter,77344,70
613,Jessica Walsh,70,Male,Graphic Designer,81736,74
614,Kimberly Gutierrez,22,Female,Farm Worker,21464,34
615,Kyle Graves,40,Female,Fast Food Worker,25384,43
616,Marissa Willis,32,Female,Electrician,77588,77
617,Rodney Everett,50,Male,Teacher,72370,64
618,Andrew Jennings,62,Male,Home Health Aide,34652,56
619,Michael Harmon,18,Male,Security Guard,36715,53
620,Christina Boone,22,Male,Cashier,35757,51
621,Austin Allison,53,Male,Waiter,21288,38
622,Amanda Harrington,70,Female,Customer Service Representative,15235,30
623,Stephen Foster,39,Female,Marketing Manager,149503,100
624,Meghan Maldonado,66,Female,Lawyer,141559,89
625,Tammy Maddox,28,Male,Financial Analyst,110034,66
626,Jimmy Lara,45,Female,Taxi Driver,43990,68
627,Richard Morris,43,Male,Security Guard,27526,46
628,Jeffrey Benjamin,45,Female,Project Manager,121567,71
629,Steven Melton,21,Female,Firefighter,60932,47
630,Jose Trujillo,60,Male,Waiter,35987,57
631,Mary Rodriguez MD,38,Male,CEO,101154,56
632,Katelyn Baker,37,Male,Teacher,88764,90
633,Raymond Stevens,50,Female,Human Resources,70692,62
634,Ruben Fisher,25,Male,Doctor,140712,98
635,Ashley Guerrero,38,Male,Data Scientist,126018,82
636,Robert Willis,49,Female,Gynecologist,130459,79
637,Kathryn Harris,21,Female,Police Officer,74999,60
638,Phillip Glover,51,Female,Sales Manager,120278,69
639,Allison Holloway PhD,66,Male,Dentist,140989,89
640,Andrea Matthews,46,Female,Business Analyst,96821,47
641,Joseph Mayo,41,Male,Nurse,81716,74
642,Sharon Kelley,29,Male,Dentist,91361,46
643,Elizabeth Atkinson,65,Female,Graphic Designer,50769,41
644,Larry Anderson,43,Male,Carpenter,63396,54
645,Nancy Young,60,Female,Nurse,65954,57
646,Charles Taylor,37,Female,Sales Manager,102507,58
647,Cameron Diaz,58,Female,Physician,147686,95
648,Samuel Snyder,69,Male,Plumber,63507,55
649,Angela Ward,67,Male,Accountant,77374,70
650,Tabitha Garcia,18,Male,Dishwashers,36478,52
651,Terri Chang,53,Male,Firefighter,48808,39
652,Gary Carr,38,Female,Cashier,28617,52
653,Thomas Gomez,32,Male,Engineer,137235,94
654,Victoria Wright,25,Female,Plumber,76131,75
655,Garrett Sanchez,35,Male,Farm Worker,42262,72
656,Nathan Johnson,34,Male,Plumber,60556,57
657,Cassandra Morrison,46,Female,Fast Food Worker,31491,51
658,Mrs. Erin Collins,22,Female,Janitor,31164,46
659,George Alexander,18,Female,Graphic Designer,48155,34
660,Tyler Baker,27,Female,Physician,122545,79
661,Sandra Wood DDS,48,Female,Retail Salesperson,37518,60
662,Elizabeth Kennedy,52,Male,Gynecologist,145424,93
663,Brian Bailey,62,Male,Doctor,138299,86
664,James Smith,67,Male,Dishwashers,38912,61
665,James Robinson,24,Female,Graphic Designer,75473,61
666,Donald Miller,61,Female,Home Health Aide,35283,57
667,Suzanne Frazier,55,Male,Human Resources,53783,44
668,Dylan Scott,63,Female,Teaching Assistant,40110,63
669,Jodi Cole,32,Male,Firefighter,69846,68
670,Mary Moody,42,Male,Carpenter,59617,50
671,Debbie Taylor,31,Female,Human Resources,69081,67
672,Paul West,49,Male,Dishwashers,40502,64
673,James Stanton,19,Male,Accountant,73402,59
674,Robert Wolfe,35,Female,Retail Salesperson,24375,46
675,Daniel Sanford,68,Male,Housekeeper,42180,66
676,Christina Jones,52,Female,Marketing Manager,102087,52
677,Caroline Martin,57,Male,Retail Salesperson,38440,61
678,Thomas Perez,66,Male,Police Officer,64994,56
679,Jaclyn Jones,58,Male,Nurse,77105,69
680,Jacob Garcia,55,Male,CEO,93533,44
681,Kristin Friedman,18,Male,Engineer,145025,83
682,Jessica Harris,56,Female,Dishwashers,25848,44
683,Elizabeth Hicks,43,Male,Taxi Driver,33449,54
684,Kevin Rodriguez,26,Female,Plumber,85836,87
685,Holly Lopez,33,Male,Carpenter,66210,63
686,Bethany Jackson,45,Male,Human Resources,79890,72
687,Jessica Weaver,50,Male,Social Worker,64317,55
688,Shannon Ramirez,39,Male,Doctor,93676,48
689,Kathryn Solis,22,Female,Gynecologist,100010,45
690,Michael Rodriguez,39,Female,Accountant,57185,53
691,George Taylor,60,Male,Physician,134278,83
692,Amy Smith,26,Male,Plumber,54600,49
693,Joseph Vasquez,43,Male,Dishwashers,17034,32
694,Cassie Lewis,22,Male,Software Engineer,110959,54
695,Donna Cantrell,57,Female,Electrician,68639,60
696,Jessica Martin,22,Female,Nurse,46058,32
697,Justin Bell,56,Male,Marketing Manager,106763,56
698,Ross Wells,43,Male,Electrician,68607,60
699,John Johnson,51,Male,Farm Worker,37308,59
700,Jennifer Hall,65,Female,Financial Analyst,118995,68
701,David Johnson,38,Female,Teacher,77984,77
702,Regina Rodriguez,20,Female,Social Worker,61232,47
703,Kevin Hernandez,30,Male,Graphic Designer,89735,92
704,Mrs. Brittney Sullivan,63,Male,Teacher,64383,56
705,Jessica Butler,44,Male,Plumber,51728,42
706,Mary Phillips,40,Female,Human Resources,71144,63
707,Robert Graves,67,Male,Graphic Designer,86525,80
708,Heather Nguyen,62,Female,Project Manager,141778,90
709,Stephanie Hall,48,Male,Human Resources,76437,69
710,Sarah Nixon,39,Female,Police Officer,70220,68
711,Sara Perkins,27,Female,Home Health Aide,22645,44
712,Christina Stone,22,Male,Customer Service Representative,44904,62
713,Charles Mitchell,38,Female,Accountant,88410,90
714,James Daniels,32,Male,Teacher,89734,92
715,Scott Singh,25,Male,Teacher,88560,90
716,Laura Camacho,57,Male,Graphic Designer,79184,72
717,Christina Harrington,53,Male,Teacher,78621,71
718,Sharon Anderson,39,Male,Cashier,37852,66
719,Brandon Perez,22,Male,Data Scientist,106569,51
720,Stephanie Sanchez,53,Male,Nurse,68185,60
721,Frank Taylor,33,Male,Home Health Aide,34824,62
722,Jamie Erickson,18,Male,Teacher,64696,50
723,James Jackson,45,Male,Accountant,71580,63
724,Ronald Wagner,18,Male,Social Worker,77807,63
725,Lindsey Morgan,24,Female,Dishwashers,21081,34
726,Cynthia Spencer,36,Male,Housekeeper,29177,53
727,Donald Lozano,67,Male,Security Guard,38338,61
728,Timothy Robinson,28,Female,Firefighter,48896,43
729,Sarah Morrison,20,Male,Fast Food Worker,39606,56
730,Jason Ryan,19,Female,Data Scientist,121990,64
731,Nathan Bean,68,Male,Retail Salesperson,26836,45
732,Brandy Logan,49,Male,Lawyer,103109,53
733,Stephanie Peters,26,Female,Firefighter,63201,60
734,John Leon,50,Male,Teacher,48306,38
735,Gwendolyn Miller,52,Male,Architect,113996,63
736,Nathan Lynn,46,Male,Electrician,78716,71
737,Claire Anderson,25,Female,Cashier,42027,72
738,William Ramirez,21,Male,Accountant,78858,64
739,Kathleen Griffin,31,Male,Financial Analyst,110311,66
740,Karen Torres,55,Female,Taxi Driver,42796,67
741,Mr. Jeffrey Davis,18,Female,Data Scientist,94138,40
742,Timothy Walsh,65,Female,Teaching Assistant,35129,56
743,Shane Rogers,47,Female,Firefighter,64223,55
744,Eric Castillo,32,Male,Taxi Driver,20751,41
745,Justin Myers,22,Female,Human Resources,88590,74
746,Christine Phillips,19,Female,Fast Food Worker,15916,28
747,Krystal Mooney,36,Female,Carpenter,69820,68
748,Dennis Hernandez,20,Male,Police Officer,75166,61
749,Travis Lewis,42,Female,Data Scientist,102887,53
750,Kathryn Byrd,41,Male,Gynecologist,140256,88
751,Peggy Arnold,31,Female,Teacher,74625,73
752,Joshua Jackson,46,Female,Physician,92262,43
753,Shawn Small,46,Female,Teaching Assistant,41946,65
754,Ronnie Ortega,28,Male,Lawyer,134633,91
755,Christopher Sellers,49,Female,Firefighter,56513,47
756,Joseph Vazquez,65,Female,Teacher,70447,62
757,Roberta Chavez,31,Male,Police Officer,85093,86
758,Crystal Warner,61,Male,Fast Food Worker,27971,47
759,Alicia Lewis,31,Male,Engineer,95424,50
760,Kenneth Mccullough,25,Female,Software Engineer,144412,100
761,Krista Watson,26,Female,Business Analyst,96570,52
762,Nicholas Pham,43,Male,Farm Worker,43221,67
763,Linda Hobbs,28,Female,Nurse,46299,39
764,Helen Ware,57,Male,Plumber,67969,59
765,Kimberly Patel,62,Female,Home Health Aide,27682,46
766,Joshua Kirk,57,Male,Security Guard,37894,60
767,Philip Munoz,36,Male,Nurse,83318,84
768,Tammy Sanchez,51,Female,Janitor,37681,60
769,Ryan Williams,69,Male,Human Resources,69734,61
770,Lindsay Davis,65,Female,Physician,134125,82
771,Juan Webb,39,Female,Firefighter,80929,81
772,Nicole Allen,31,Female,Home Health Aide,32357,58
773,Joseph Johnson,63,Female,Physician,111061,61
774,Robert Webster,54,Male,Gynecologist,110194,60
775,Aaron Hines,39,Female,Business Analyst,99751,55
776,Donna Acevedo DDS,27,Male,Financial Analyst,136526,93
777,Christopher Green,31,Male,Firefighter,49222,43
778,Craig House,29,Male,Cashier,43954,75
779,Trevor Adkins,55,Female,Social Worker,72136,64
780,Michael Ellis,69,Female,Plumber,82847,76
781,Susan Davis,51,Male,Carpenter,56979,47
782,Gary Nelson,54,Male,Customer Service Representative,38959,61
783,Robert Escobar,48,Female,Home Health Aide,18654,34
784,Brian Lowery,47,Female,Fast Food Worker,36745,58
785,Bryan Baker,26,Male,Electrician,66227,63
786,Julie Coleman,59,Male,Carpenter,47660,37
787,Andrea Murray,24,Female,Plumber,54637,40
788,Jessica Clark,56,Female,Nurse,57205,48
789,Alexandra Harris,20,Female,Project Manager,130466,71
790,Jennifer Hill,70,Male,Retail Salesperson,36712,58
791,Andrew Warren,37,Female,Cashier,31288,56
792,Jeffrey Barker,28,Male,Fast Food Worker,44430,76
793,William Oconnor,62,Male,Electrician,82497,75
794,Steven Woods,54,Male,Gynecologist,93285,44
795,Anthony Graham,53,Female,Financial Analyst,123630,72
796,Bethany Anderson,26,Female,Graphic Designer,46880,40
797,Linda Garcia,38,Male,Social Worker,57148,52
798,Amanda Mejia,59,Male,Teaching Assistant,24206,42
799,Pamela Rivas,32,Male,Housekeeper,42506,73
800,Lauren Matthews,48,Female,Data Engineer,147551,95
801,Chad Hamilton,28,Male,Lawyer,109604,65
802,Stephanie Chavez,36,Female,Customer Service Representative,30249,55
803,Alexis Lee,40,Female,Project Manager,148366,96
804,Kelly Herrera,37,Female,Gynecologist,146440,100
805,Scott Yang,58,Female,Customer Service Representative,16397,31
806,John Patel,60,Male,Janitor,23315,41
807,Vanessa Gonzales,35,Male,Marketing Manager,99009,54
808,Brooke Avila,68,Female,Marketing Manager,99196,49
809,Ernest Golden,31,Female,Social Worker,64966,62
810,William Hurst,66,Male,Accountant,53105,43
811,Blake Bonilla,35,Male,Security Guard,29140,53
812,Kevin Rice,51,Male,Housekeeper,30584,50
813,Jesse Wong,58,Female,Sales Manager,91829,42
814,George Cruz,52,Male,Farm Worker,25604,44
815,Paul Martinez,54,Female,Electrician,52316,42
816,Angela Sanchez,32,Female,Gynecologist,147518,100
817,Jeffery Haley,67,Male,Sales Manager,98128,48
818,Dean Wilkins,46,Female,Police Officer,62375,53
819,Walter Hoover,46,Male,Home Health Aide,24547,42
820,Misty James,64,Female,Graphic Designer,84874,78
821,Gabriel Hanson,54,Female,Retail Salesperson,21371,38
822,Jeffrey Thompson,43,Male,CEO,123105,72
823,Brenda Moses,36,Female,Lawyer,139931,97
824,Lisa Summers,67,Female,Human Resources,68062,60
825,Karen Grant,48,Female,Janitor,38923,61
826,Madison Pearson,55,Female,Fast Food Worker,42036,66
827,Brandon Guzman,32,Male,Customer Service Representative,27601,51
828,Mark Porter,23,Male,Lawyer,101260,46
829,Tristan Young,61,Female,Teacher,66819,58
830,Teresa Grant,19,Male,Police Officer,77753,63
831,Brett Cox,43,Male,Dishwashers,43391,67
832,Karen Robinson,38,Male,Gynecologist,121957,78
833,David Hall,57,Male,Teaching Assistant,38623,61
834,Mark Simon,40,Female,Retail Salesperson,16727,32
835,Benjamin Hernandez,34,Female,Teacher,65370,62
836,Jill Chapman,32,Female,Firefighter,59822,56
837,Kyle Love,32,Female,Security Guard,27684,51
838,Brian Tate,61,Male,Human Resources,81679,74
839,Megan Phelps,55,Female,Business Analyst,139268,87
840,Carla Chavez,42,Male,Police Officer,85026,78
841,Jesse Warner,61,Female,Social Worker,75826,68
842,Angela Farrell,68,Female,Accountant,70003,62
843,Christopher Harris,40,Female,Police Officer,60654,51
844,Andrew Coleman,42,Female,Plumber,88291,82
845,Francisco Fowler,55,Male,Data Scientist,129052,78
846,Jay Hansen,53,Male,Carpenter,62611,54
847,Bailey Murphy,30,Female,Home Health Aide,35069,62
848,Yesenia Alexander,48,Female,Sales Manager,115269,65
849,Mr. Jason Ross,52,Female,Dishwashers,27291,46
850,Angelica Russell,61,Female,Customer Service Representative,16616,32
851,Emily Hernandez,53,Male,Plumber,85185,78
852,Matthew Jacobs,51,Female,Social Worker,76170,68
853,Amy Mccann,64,Male,Janitor,19740,36
854,Sarah Baker,47,Male,Data Engineer,147594,95
855,Lindsay Wilson,36,Female,Graphic Designer,87441,89
856,Donna Jackson,64,Female,Taxi Driver,32077,52
857,Adam Lopez,62,Female,Graphic Designer,87045,80
858,Calvin Wilson,46,Female,Social Worker,50318,40
859,Amanda Martin,36,Female,Architect,132304,89
860,Leah Ramsey,38,Female,Software Engineer,93542,48
861,Robert Foster,45,Male,Graphic Designer,78342,71
862,Christine Hart,42,Female,Architect,97827,48
863,Andrew Ramos,40,Male,Graphic Designer,80637,73
864,Alan Gonzalez,33,Male,Home Health Aide,42315,73
865,Donald Morris,27,Female,Customer Service Representative,29749,54
866,Allison Mullins,64,Male,Cashier,26154,44
867,Megan Lee MD,43,Female,Nurse,66449,58
868,Melissa Taylor,64,Male,Data Engineer,142838,91
869,Joseph Martinez,68,Male,Teacher,48183,38
870,Kaitlyn Harris,39,Male,Carpenter,88095,90
871,Kelly Mason,38,Female,Housekeeper,20764,41
872,Christopher Lloyd,55,Male,Graphic Designer,59776,51
873,Tina Willis,65,Female,Housekeeper,39780,63
874,Michael Contreras,51,Male,Cashier,41072,64
875,Michael Hughes,53,Male,Data Engineer,99827,50
876,Steven Ruiz,33,Female,Electrician,51821,46
877,Nathaniel Briggs,43,Female,Accountant,74083,66
878,Dominique Benton,27,Female,Retail Salesperson,41502,71
879,Kenneth Miller,25,Male,Plumber,77680,77
880,Sherry Smith,51,Female,Electrician,71024,63
881,Aaron Hall,43,Male,Electrician,73740,66
882,David Mitchell,18,Male,Housekeeper,16940,29
883,Joan Hayes,50,Male,Carpenter,66101,57
884,Mrs. Megan Bishop,38,Male,Nurse,80379,80
885,Mike Gutierrez,18,Male,Plumber,59259,45
886,Desiree Alvarez,67,Female,Teacher,74059,66
887,Barbara Payne,20,Male,Police Officer,67763,53
888,Ryan Walsh,58,Male,Human Resources,75389,68
889,Miss Sara Harding,65,Male,Lawyer,103745,54
890,Juan Thompson,39,Female,Taxi Driver,42465,73
891,Jennifer Hall,49,Female,Human Resources,65546,57
892,Julie Hill,56,Male,Accountant,53602,44
893,Laura Miller,29,Female,Firefighter,89997,92
894,Amy Morris,21,Female,Teacher,84766,70
895,Daniel Cook,59,Male,Dishwashers,38504,61
896,Robert Cooper,45,Female,Marketing Manager,116033,65
897,Lindsay Mills,22,Female,Project Manager,130724,71
898,Amanda Davis,45,Male,Dishwashers,34506,56
899,Rachael Miller,60,Female,Teaching Assistant,17070,32
900,Shannon Davis,26,Male,Janitor,42248,72
901,Anthony Jimenez,49,Male,Firefighter,77084,69
902,Katherine Marsh,24,Female,Graphic Designer,61053,47
903,Haley Murphy,38,Male,Doctor,124387,81
904,Carol Davis,64,Female,Lawyer,101523,51
905,Sara Price,33,Female,Human Resources,54043,49
906,Michelle Grant,35,Female,Retail Salesperson,15685,34
907,Kelly Herman,19,Female,Social Worker,87743,73
908,Andrew Willis,18,Female,Police Officer,74226,60
909,Margaret Olsen,24,Male,Physician,138710,78
910,Christopher Stokes,30,Female,Janitor,23948,46
911,Chelsea Jackson,64,Male,Teacher,52277,42
912,Jonathan Kennedy,54,Female,Accountant,89485,83
913,Sarah Peters,54,Male,Social Worker,56651,47
914,Derek Sawyer,61,Female,Project Manager,99437,50
915,Laurie Edwards,43,Female,Plumber,86655,80
916,Jennifer Anderson,49,Male,Fast Food Worker,32516,53
917,Michael Robinson,28,Female,Lawyer,121773,78
918,Paul Dominguez,63,Female,Dentist,135777,84
919,Jose Hamilton,48,Female,Graphic Designer,49346,39
920,Randall Robinson,67,Male,Human Resources,72133,64
921,Christopher Acevedo,43,Female,Social Worker,70504,62
922,Joseph Leonard,48,Female,Human Resources,87035,80
923,Emily Williams,28,Male,Data Scientist,103785,59
924,Heather Ward,21,Female,Lawyer,131627,72
925,Crystal Johnson,28,Male,Lawyer,98899,54
926,David Hernandez,69,Male,Waiter,41076,64
927,Kathy Hudson,47,Female,Carpenter,63224,54
928,Dana Serrano,33,Female,Cashier,23717,45
929,Dr. Dustin Smith,48,Male,Plumber,69371,61
930,Brian Coleman,38,Male,Accountant,86244,87
931,Hannah Jones,24,Male,Teacher,46264,32
932,William Ward,21,Male,Police Officer,47262,33
933,Christopher Day,19,Female,Physician,131530,72
934,Joshua Morales,49,Male,Police Officer,60330,51
935,Margaret Baker,25,Female,Graphic Designer,75674,75
936,Heather Jones,28,Female,Accountant,82445,83
937,Nancy Baker,19,Female,Plumber,61475,47
938,Tina Miller,54,Male,Firefighter,68182,60
939,Daniel Pineda,50,Male,Teaching Assistant,34045,55
940,Taylor Howard,46,Male,Electrician,89389,83
941,Scott Townsend,43,Female,Carpenter,64646,56
942,Alyssa Brown,61,Male,Housekeeper,25994,44
943,David Scott,68,Female,Janitor,44120,68
944,Thomas Bradshaw,69,Female,Carpenter,79695,72
945,Jesus Miller,22,Male,Customer Service Representative,15829,27
946,David Christensen,68,Male,Human Resources,79373,72
947,Denise Williams,23,Male,Dentist,140761,80
948,Suzanne Garcia,49,Female,Carpenter,66541,58
949,April English,50,Female,CEO,136354,85
950,Barbara Skinner DDS,44,Male,Business Analyst,96997,47
951,Brian Wheeler,32,Male,Dentist,102977,58
952,Yvonne Gonzalez MD,31,Male,Retail Salesperson,15275,33
953,Brittany Kidd,45,Male,Business Analyst,122972,72
954,Timothy Chapman,66,Female,Dentist,139002,87
955,Joseph Williams,62,Female,Engineer,126858,76
956,Michelle Garcia,63,Female,Cashier,19437,35
957,Lynn Martinez,44,Female,Software Engineer,147430,95
958,Allen Carlson,62,Female,Security Guard,41228,64
959,Steven Good,57,Female,Carpenter,55654,46
960,Kristen Ross,66,Female,Carpenter,58413,49
961,Kerri Herman,32,Female,Carpenter,69395,67
962,Ronald Pierce,39,Female,Carpenter,46613,40
963,Brandi Reed,44,Male,Teaching Assistant,31013,51
964,Sharon Bryant,36,Male,Data Scientist,136568,93
965,Steven Kim,23,Male,Farm Worker,23364,37
966,Mark Hobbs,33,Female,Data Scientist,111026,67
967,Sarah Beard,60,Female,Lawyer,134271,83
968,Erin Johnson,19,Female,Fast Food Worker,37936,54
969,Steven Yang,20,Female,Farm Worker,23012,36
970,John Griffith,52,Female,Nurse,66014,57
971,Mark Coffey,22,Male,Farm Worker,19884,32
972,Gabriella Wells,23,Male,Accountant,57232,43
973,Gabriel Ortiz,47,Female,Graphic Designer,48316,38
974,Felicia Bradley,49,Male,Firefighter,84451,77
975,Desiree Shepard,53,Male,Business Analyst,126810,75
976,Susan Gillespie,55,Female,Plumber,81503,74
977,Jonathan Turner,48,Female,Police Officer,74000,66
978,Tamara Ho,38,Female,Police Officer,80936,81
979,Thomas Cantu,47,Female,Home Health Aide,39128,62
980,Amy Mckee,19,Female,Nurse,79189,64
981,April Villa,33,Male,Teaching Assistant,33344,59
982,Karen Shelton,69,Female,Social Worker,85869,79
983,Sherry Livingston,59,Male,Social Worker,77524,70
984,Jason Fields,56,Male,Plumber,75113,67
985,Alexis Jones,51,Male,CEO,129770,78
986,Alison Rogers,21,Female,Graphic Designer,55002,41
987,Kathryn Daniel,35,Female,Project Manager,144314,100
988,Tracy Ward,19,Male,Software Engineer,110924,54
989,Katie Christian,36,Female,Accountant,63792,60
990,Rita Luna,44,Male,Sales Manager,103771,54
991,Joshua Morris,52,Female,Sales Manager,110188,60
992,Jenna Fisher,43,Female,Teaching Assistant,27637,46
993,Melissa Scott,30,Male,Carpenter,75830,75
994,Christopher Hudson,64,Female,Social Worker,79933,73
995,Alexis Cole,34,Female,Cashier,23432,45
996,Dustin Sanchez,31,Male,Security Guard,26619,50
997,Christine Trevino,30,Female,Electrician,75470,74
998,Jodi Ward,47,Male,Police Officer,88366,82
999,David Evans,21,Female,Carpenter,84665,70
1000,Justin Williams,29,Female,Data Scientist,100458,56
